RowName,PolicyCard,Category,ConflictsWith1,ConflictReason1,ConflictsWith2,ConflictReason2,RequiresTech,RequiresSchool,RequiresAttribute,EffectSummary
ECON_01,重农抑商,经济,鼓励商业(ECON_02),农本vs商本对立,无,无,无,法家学派,无,"农业+25%, 商业-20%"
ECON_02,鼓励商业,经济,重农抑商(ECON_01),商本vs农本对立,无,无,无,无,经营≥40,"商业+30%, 关税+15%"
ECON_03,盐铁专营,经济,开放市场(ECON_05),国家垄断vs自由市场,无,无,盐铁专营(Tech),法家学派,经营≥60,"盐铁收入归国库+2000-5000/月, 治安-10"
ECON_04,均输平准,经济,无,无,无,无,均输平准(Tech),无,无,"物价波动-50%, 灾荒粮价可控, 政府运营+2000金/月"
ECON_05,开放市场,经济,盐铁专营(ECON_03),自由市场vs国家垄断,无,无,无,无,经营≥60,"贸易额+40%, 商路+3, 本国手工业受进口冲击"
ECON_06,屯田制,经济,无,无,无,无,水利灌溉(Tech),无,无,"边境驻军自给自足, 军粮-30%"
ECON_07,井田复古,经济,无,无,无,无,无,儒家学派,无,"民忠+15, 贫富差距减小, 农业效率-20%"
ECON_08,铸币权垄断,经济,无,无,无,无,货币统一(Tech),无,无,"货币稳定+, 通胀控制+, 铸币成本2000金/月"

MIL_01,胡服骑射,军事,重甲步兵(MIL_06),轻骑兵vs重装步兵路线,战车至上(MIL_09),轻骑兵vs战车路线,骑兵革新(Tech),无,统率≥40,"骑兵招募-30%, 骑兵战力+20%, 传统贵族反对(忠诚-15)"
MIL_02,军功爵制,军事,世卿世禄(SOC_01),军功vs血统授爵,无,无,无,法家学派,无,"士兵士气+20%, 招募优质士兵+30%, 旧贵族不满"
MIL_03,筑城防御,军事,积极进攻(MIL_04),防守vs进攻路线,无,无,筑城术(Tech),无,无,"城防+30%, 守城伤亡-20%, 进攻士气-10%"
MIL_04,积极进攻,军事,筑城防御(MIL_03),进攻vs防守路线,无,无,无,无,无,"进攻士气+15%, 战利品+25%, 防御伤亡+15%"
MIL_05,全民皆兵,军事,职业军队(MIL_07),民兵vs职业军路线,无,无,无,无,无,"动员速度+50%, 征兵上限+30%, 经济产出-15%"
MIL_06,重甲步兵,军事,胡服骑射(MIL_01),重装vs轻骑路线,无,无,精铁甲(Tech),无,无,"重步兵防御+25%, 移速-10%"
MIL_07,职业军队,军事,全民皆兵(MIL_05),职业军vs民兵路线,无,无,俸禄制(Tech),无,经营≥50,"军队质量+25%, 训练速度+30%, 军费+40%"
MIL_08,舟师立国,军事,无,无,无,无,造船术(Tech),无,无,"水军全属性+25%, 陆军发展-10%"
MIL_09,战车至上,军事,胡服骑射(MIL_01),战车vs轻骑兵路线,无,无,无,无,无,"战车兵战力+35%, 骑兵发展受限制"

CUL_01,独尊儒术,文化,百家争鸣(CUL_02),垄断vs多元学术,无,无,无,儒家[尊敬],无,"文化统一+, 官员忠诚+10%, 其他学派发展-50%"
CUL_02,百家争鸣,文化,独尊儒术(CUL_01),多元vs垄断学术,焚书坑儒(CUL_03),开放vs高压文化,无,无,无,"科技研发+25%, 人才出现+30%, 可能出现异端"
CUL_03,焚书坑儒,文化,百家争鸣(CUL_02),高压vs开放文化,独尊儒术(CUL_01),只会焚儒以外的书,无,法家[尊敬],霸业≥70,"思想控制+, 异议消失, 科技-20%, 仁义-50"
CUL_04,兴办学宫,文化,无,无,无,无,学宫(Tech),无,无,"科技+20%, 文化传播+30%, 维护费3000金/月"
CUL_05,著书立说,文化,无,无,无,无,著书(Tech),无,智略≥50,"著作产出+30%, 学派声望+50%"
CUL_06,文字统一,文化,无,无,无,无,文字统一(Tech),无,无,"行政效率+15%, 外交沟通+10%, 地方文化抵抗(民忠-5)"
CUL_07,礼乐复兴,文化,无,无,无,无,无,儒家[尊敬],无,"传统文化+, 贵族满意+15%, 维护费1500金/月"
CUL_08,历法改革,文化,无,无,无,无,历法(Tech),阴阳家[友善],无,"农业产出+8%, 初期民忠-5"

SOC_01,世卿世禄,社会,选贤任能(SOC_02),血统vs才能授官,无,无,无,无,无,"贵族忠诚+20%, 政权稳定, 人才流动性差"
SOC_02,选贤任能,社会,世卿世禄(SOC_01),才能vs血统授官,无,无,无,墨家或法家,无,"人才池扩大+40%, 贵族不满(-15忠诚)"
SOC_03,连坐法,社会,宽政(SOC_04),严刑vs宽政,无,无,无,法家[友善],无,"治安+20%, 犯罪率-40%, 民忠-15"
SOC_04,宽政,社会,连坐法(SOC_03),宽政vs严刑,无,无,无,儒家[友善],仁≥50,"民忠+15%, 人口增长+10%, 犯罪率+10%"
SOC_05,郡县制,社会,分封制(SOC_06),中央集权vs地方分权,无,无,郡县制(Tech),法家,无,"中央集权+, 地方尾大不掉概率-50%, 民忠-5"
SOC_06,分封制,社会,郡县制(SOC_05),地方分权vs中央集权,无,无,无,无,无,"封臣忠诚+20%, 长期可能尾大不掉"
SOC_07,奴隶制合法,社会,解放奴隶(SOC_08),蓄奴vs废奴,无,无,无,无,霸业≥50,"建设速度+25%, 仁义-20, 奴隶逃亡风险"
SOC_08,解放奴隶,社会,奴隶制合法(SOC_07),废奴vs蓄奴,无,无,无,无,仁义≥60,"仁义+20, 人口直接增加15%, 贵族不满(-20)"

# 变更: 2026-09-01 屯田制前置 农业科技→水利灌溉(TECH_AGRI_03); 职业军队前置 募兵制→俸禄制(TECH_POL_04)——两项原名均不在154科技树48项内
