RowName,SwordName,QuestStep,StepName,QuestType,ObjectiveText,TargetID,RequiredCount,TargetNPC,TargetLocation,Difficulty,IsElite,SuggestedTroops,PrerequisiteStep,RewardGold,RewardItem,RewardReputation,UnlockEffect,TimeLimit_Days,IsRepeatable
Zhanlu_01,湛卢,1,"酒馆奇闻",Collect,听公孙老讲湛卢故事→获得「说书人的残卷」,Item_Scroll_ZhanluRumor,1,说书人·公孙老,楚国/吴越Lv3+酒馆(20-24时),Green,FALSE,0,None,0,说书人的残卷,0,None,0,FALSE
Zhanlu_02,湛卢,2,"古籍考证",Collect,收集3卷古籍残篇,Item_Zhanlu_ResearchNote,1,学宫藏书吏·简伯,Lv3+学宫,Green,FALSE,0,Zhanlu_01,50,湛卢考,0,None,0,FALSE
Zhanlu_03,湛卢,3,"樵夫指路",Interact,与樵夫对话获得竹林地图,Item_DengBo_Map,1,山中樵夫·邓伯,会稽山(白天),Green,FALSE,0,Zhanlu_02,0,邓伯的草图,0,发现隐藏地点:湛卢竹林,0,FALSE
Zhanlu_04,湛卢,4,"竹林试炼",Explore,通过三重考验到达竹林小屋,None,0,湛卢隐士·季然,湛卢竹林,Yellow,FALSE,0,Zhanlu_03,0,None,5,None,0,FALSE
Zhanlu_05,湛卢,5,"不速之客",Interact,回答季然的三个问题,None,0,季然,竹林小屋,Yellow,FALSE,0,Zhanlu_04,0,季然的客人(身份),0,None,0,FALSE
Zhanlu_06,湛卢,6,"砍柴挑水",Collect,完成3天日常劳作(Day1砍柴×10/Day2取水×3/Day3扫尘),Item_Firewood,10,季然,竹林区域,Green,FALSE,0,Zhanlu_05,0,旧竹简(季然的日记),3,None,3,FALSE
Zhanlu_07,湛卢,7,"季然的日记",Interact,阅读旧竹简→触发让湛卢重新发光,None,0,季然,竹林小屋,Yellow,FALSE,0,Zhanlu_06,0,None,0,解锁后续任务,0,FALSE
Zhanlu_08,湛卢,8,"山贼之德",Escort,不用武力让黑风寨山贼自愿解散,None,0,山贼头目·赵大,黑风寨,Yellow,FALSE,0,Zhanlu_07,200,赵大的感谢信,10,湛卢初鸣(临时版),0,FALSE
Zhanlu_09,湛卢,9,"湛卢初鸣",Interact,湛卢发出蓝光→获得微光的湛卢,None,0,季然,竹林小屋,Yellow,FALSE,0,Zhanlu_08,0,微光的湛卢(临时版伤害60),0,None,0,FALSE
Zhanlu_10,湛卢,10,"三件仁者遗物",Collect,收集万民血书+祖传古玉+宣誓,Item_PeopleBloodLetter,1,灾民代表,灾荒城池,Yellow,FALSE,0,Zhanlu_09,1000,湛卢(正式版伤害100),20,湛卢全特效激活,30,FALSE
Zhanlu_11,湛卢,11,"第一任剑主·护国",Explore,拓印古战场石碑(需墨汁+宣纸),Item_InkStoneRubbing,1,无,会稽古战场,Yellow,FALSE,0,Zhanlu_10,0,护国剑意,0,守城时湛卢效果翻倍,0,FALSE
Zhanlu_12,湛卢,12,"第二任剑主·恕道",Collect,拼合三片信笺碎片(白起旧营),Item_LetterFragment,3,秦军士兵遗骸,咸阳白起旧营,Orange,FALSE,0,Zhanlu_10,0,恕道剑意,0,反击伤害+30%,0,FALSE
Zhanlu_13,湛卢,13,"第三任·释怀",Interact,面对季然的仇人·公孙鞑(刺杀/真相/调解),None,0,廷尉·公孙鞑,咸阳,Red,TRUE,0,Zhanlu_10,500,释怀剑意,15,湛卢最终认主,0,FALSE
Zhanlu_14,湛卢,14,"剑心通明·放下剑",Interact,将湛卢放石台一整天→帮村民干农活,None,0,季然,竹林区域,Green,FALSE,0,Zhanlu_13,0,None,0,None,1,FALSE
Zhanlu_15,湛卢,15,"剑心通明·放下名",Interact,匿名帮3村民(修屋顶/挑水/教识字),None,0,随机村民,附近村庄,Green,FALSE,0,Zhanlu_14,0,None,0,None,1,FALSE
Zhanlu_16,湛卢,16,"剑心通明·拿起剑",Interact,季然木剑突袭→闭眼→湛卢自动格挡,None,0,季然,竹林小屋,Yellow,FALSE,0,Zhanlu_15,0,湛卢剑鞘(饰品),0,仁义光环+10,0,FALSE
Zhanlu_17,湛卢,17,"公孙逸求剑",Interact,考验游侠公孙逸的仁义,None,0,流浪剑客·公孙逸,随机城池酒馆,Yellow,FALSE,0,Zhanlu_16,0,None,5,None,0,FALSE
Zhanlu_18,湛卢,18,"季然的信",Delivery,收到季然绝笔信→回竹林→季然已去,Item_Jiran_LastLetter,1,信使,任意驿站,Green,FALSE,0,Zhanlu_17,0,季然遗物玉佩,0,仁义+5(饰品),0,FALSE
Zhanlu_19,湛卢,19,"仁者无敌",Interact,仁义≥95+从未破誓→剑身浮现铭文,None,0,无,任意,Yellow,FALSE,0,Zhanlu_18,0,None,0,完美格挡100%+体力零耗,0,FALSE

Yuchang_01,鱼肠,1,"说书人的故事",Collect,听言老讲专诸刺王僚→获得记录,Item_Scroll_YuchangRumor,1,说书人·言老,吴越Lv3+酒馆(夜晚),Green,FALSE,0,None,0,说书人的故事记录,0,None,0,FALSE
Yuchang_02,鱼肠,2,"渔村寻访",Explore,寻访姑苏外三个渔村→找到笠泽村,None,0,各村村长,姑苏外三渔村,Green,FALSE,0,Yuchang_01,0,None,0,None,0,FALSE
Yuchang_03,鱼肠,3,"湖畔茅屋",Interact,说服专婆婆准入(侠道≥2或仁义≥50或武勇≥60),None,0,专婆婆(75岁),笠泽湖东岸,Yellow,FALSE,0,Yuchang_02,0,None,0,None,0,FALSE
Yuchang_04,鱼肠,4,"专诸遗训",Interact,阅读专诸遗训→宣誓遵守刺客之道,Item_ZhuanZhu_Testament,1,专婆婆,笠泽湖·专婆婆家,Green,FALSE,0,Yuchang_03,0,专婆婆的初步认可,5,解锁刺客之道,0,FALSE
Yuchang_05,鱼肠,5,"藏剑试炼",Escort,潜入姑苏县衙→放短剑于书案→不被发现,Item_TrialDagger,1,无,姑苏县衙,Yellow,FALSE,0,Yuchang_04,0,None,0,None(失败等3天),0,FALSE
Yuchang_06,鱼肠,6,"识人试炼",Collect,判断三人该杀与否(县令/恶霸/死囚),None,3,专婆婆,姑苏城,Yellow,FALSE,0,Yuchang_04,0,专婆婆正式认可+专诸墓钥匙,0,None,0,FALSE
Yuchang_07,鱼肠,7,"水下墓道",Explore,潜入专诸墓→水中拔石剑→通过,None,0,无,专诸墓(会稽山隐藏),Orange,FALSE,0,Yuchang_06,0,None,0,None,0,FALSE
Yuchang_08,鱼肠,8,"壁画之室",Interact,观看壁画→回答愿意付出代价→门开,None,0,无,专诸墓·石室,Yellow,FALSE,0,Yuchang_07,0,None,0,None,0,FALSE
Yuchang_09,鱼肠,9,"石盒",Interact,打开石盒→获得鱼肠(临时版),None,0,无,专诸墓·墓室,Yellow,FALSE,0,Yuchang_08,0,鱼肠(临时版伤害50),0,None,0,FALSE
Yuchang_10,鱼肠,10,"调查恶官",Collect,收集司马横3项罪证(地契/假账本/举报信),Item_CorruptEvidence,3,恶官·司马横,随机城池,Orange,FALSE,0,Yuchang_09,200,司马横罪证三件套,5,None,15,FALSE
Yuchang_11,鱼肠,11,"一击必杀",Kill,夜潜司马横府邸→鱼肠袖中滑出→一击毙命(不被发现),Boss_SimaHeng,1,司马横,司马府邸(夜间),Red,TRUE,0,Yuchang_10,500,鱼肠(正式版伤害90),10,鱼肠特效激活,0,FALSE
Yuchang_12,鱼肠,12,"专诸的宿敌",Interact,专婆婆告知专诸未完成的刺杀→接受任务,None,0,专婆婆,笠泽湖,Yellow,FALSE,0,Yuchang_11,0,None,0,None,0,FALSE
Yuchang_13,鱼肠,13,"潜伏",Escort,成为目标门客→潜伏15-30天→记录作息,None,0,随机残暴君主,随机,Yellow,FALSE,0,Yuchang_12,0,None,0,None,15,FALSE
Yuchang_14,鱼肠,14,"一击必杀·致敬专诸",Kill,宴会端鱼上前→从鱼腹抽出鱼肠→一击(对专诸的致敬),Boss_TyrantKing,1,目标暴君,暴君宫殿,Red,TRUE,100,Yuchang_13,1000,专诸的认可,20,鱼肠完全觉醒,0,FALSE
Yuchang_15,鱼肠,15,"传剑",Interact,选择传剑给年轻刺客/子嗣/封存,None,0,继承者,任意,Yellow,FALSE,0,Yuchang_14,0,None,10,None,0,FALSE
Yuchang_16,鱼肠,16,"鱼肠的真相",Interact,剑身显新铭文以暴制暴非道也愿后世不再需要我,None,0,无,任意,Green,FALSE,0,Yuchang_15,0,None,0,None,0,FALSE
Yuchang_17,鱼肠,17,"刺客的终章",Interact,完成全部→暗杀不耗体力+暗杀必逃脱,None,0,无,任意,Green,FALSE,0,Yuchang_16,0,无,0,成就:鱼肠之主,0,FALSE

Juque_01,巨阙,1,"铁矿山传说",Collect,与欧冶宏对话得知巨阙下落→获得「巨阙考」,Item_Juque_ResearchNote,1,宜阳铁匠·欧冶宏,韩国宜阳·铁矿山,Green,FALSE,0,None,0,巨阙考,0,None,0,FALSE
Juque_02,巨阙,2,"山崩遗迹",Explore,用铁镐清理碎石→露出巨阙剑柄→武勇≥90判定,None,0,无,宜阳铁矿山·北坡,Yellow,FALSE,0,Juque_01,0,None,0,None(不达标无法拿起),0,FALSE
Juque_03,巨阙,3,"力士修行",Interact,向欧冶宏或酒馆打听大力士→线索指向孟刚,None,0,宜阳铁匠·欧冶宏,韩国宜阳(或酒馆),Green,FALSE,0,Juque_02,0,None,0,None,0,FALSE
Juque_04,巨阙,4,"孟贲后裔",Interact,与孟刚对话→「想举那把剑?先过我这关」→开启训练营,None,0,孟氏力士·孟刚,秦国孟家山村(咸阳北),Yellow,FALSE,0,Juque_03,0,None,0,解锁大力士训练营,0,FALSE
Juque_05,巨阙,5,"举石锁",Collect,举起「石锁·100斤」坚持30秒→提交举重记录,Item_StoneLock_100,1,孟氏力士·孟刚,孟家山村,Green,FALSE,0,Juque_04,0,石锁举重记录,0,None,0,FALSE
Juque_06,巨阙,6,"拖巨木",Explore,拖行「巨木·赤松」500m→回到孟刚处,Item_GiantLog,1,孟氏力士·孟刚,山村西·伐木场,Green,FALSE,0,Juque_05,0,None,0,None,0,FALSE
Juque_07,巨阙,7,"角力",Interact,与孟刚角力(武勇+力量判定),None,0,孟氏力士·孟刚,孟家山村,Yellow,FALSE,0,Juque_06,0,None,0,None(失败3天后重试),0,FALSE
Juque_08,巨阙,8,"负重行军",Explore,背「负重石·100斤」从孟家山村走到宜阳铁矿山(不可骑马坐车),Item_WeightStone_100,1,无,孟家山村→宜阳铁矿山,Green,FALSE,0,Juque_07,0,None,0,None,1,FALSE
Juque_09,巨阙,9,"最终测试",Interact,再次尝试举起巨阙→成功,None,0,无,宜阳铁矿山·北坡,Yellow,FALSE,0,Juque_08,0,巨阙(临时版伤害70),0,None,0,FALSE
Juque_10,巨阙,10,"劈石",Interact,用巨阙3次蓄力重击劈开「试剑石」,None,0,无,宜阳铁矿山·试剑坪,Yellow,FALSE,0,Juque_09,0,None,0,巨阙特效部分激活,0,FALSE
Juque_11,巨阙,11,"碎甲",Kill,战场上用巨阙击碎一面铁盾或铁甲(魏武卒/秦锐士),None,1,无,战场,Yellow,FALSE,0,Juque_10,0,None,0,剑身泛起金色微光,0,FALSE
Juque_12,巨阙,12,"古战场的剑痕",Explore,找到3块有巨大剑痕的「战场石」→获得「剑痕的记忆」,Item_BattleStone,3,无,伊阙古战场西侧,Yellow,FALSE,0,Juque_11,0,剑痕的记忆,0,领悟「破军」剑意(溅射范围+1m),0,FALSE
Juque_13,巨阙,13,"前任剑主之子",Interact,力士·铁臂找到你→「那把剑是我父亲的」→选择对决/拒绝/约定,None,0,力士·铁臂,任意,Yellow,TRUE,0,Juque_12,0,None,0,None(拒绝会被偷袭),0,FALSE
Juque_14,巨阙,14,"力之对决",Kill,与铁臂对决(不可用暗器弓箭)→战胜他→铁臂服输,Boss_IronArm,1,力士·铁臂,任意,Red,TRUE,0,Juque_13,0,铁臂的尊重,0,None,0,FALSE
Juque_15,巨阙,15,"举重若轻",Interact,回答铁臂之问→巨阙完全觉醒,None,0,铁臂,任意,Yellow,FALSE,0,Juque_14,0,巨阙(正式版伤害120),0,巨阙全特效激活,0,FALSE
Juque_16,巨阙,16,"力士之证",Interact,完成全部→体力消耗额外-10%+解锁「黄金巨阙」外观,None,0,无,任意,Green,FALSE,0,Juque_15,0,无,0,成就:巨阙之主,0,FALSE

Taie_01,太阿,1,"学宫古书",Collect,学宫书架找到「楚王铸剑记」→得知太阿随楚王下葬,Item_Taie_Record,1,无,任意Lv3+学宫,Green,FALSE,0,None,0,楚王铸剑记,0,None,0,FALSE
Taie_02,太阿,2,"楚国贵族",Interact,与芈员外对话→得知盗墓者线索在城东酒馆,None,0,楚国贵族·芈员外,郢都/陈城贵族区,Green,FALSE,0,Taie_01,0,None,0,None,0,FALSE
Taie_03,太阿,3,"盗墓者",Interact,说服掘三尺带路(5000金/威胁武勇≥70/义理),None,0,盗墓者·掘三尺,郢都城东酒馆(深夜),Yellow,FALSE,0,Taie_02,0,None,0,None,0,FALSE
Taie_04,太阿,4,"楚王陵·外层",Explore,破解九宫格机关(楚人尚左:左→上→右→下→中)→进入墓道,None,0,掘三尺,楚王陵·入口(郢都以北),Yellow,FALSE,0,Taie_03,0,None,0,None,0,FALSE
Taie_05,太阿,5,"墓道迷宫",Explore,穿越三岔迷宫(正确路径:中→右→左)→走错回到起点,None,0,掘三尺(入口等候),楚王陵·墓道,Yellow,FALSE,0,Taie_04,0,None,0,None,0,FALSE
Taie_06,太阿,6,"守墓机关人",Kill,击败精英「机关将军」(弱点关节)→获得机关齿轮+兵符,Boss_MechanismGeneral,1,机关将军,楚王陵,Red,TRUE,0,Taie_05,0,机关齿轮·石制+守墓将军的兵符,0,None,0,FALSE
Taie_07,太阿,7,"威道铭文",Interact,阅读石壁遗训→回答三问(德/护民/失德→答对≥2则石门开),None,0,无,楚王陵·前厅,Yellow,FALSE,0,Taie_06,0,None,0,None,0,FALSE
Taie_08,太阿,8,"守墓将军的幽灵",Interact,向守墓将军之魂证明资格(霸业≥50/统率≥70+胜≥50/霸业≥30),None,0,楚王守墓将军·魂,楚王陵·第二道石门,Yellow,FALSE,0,Taie_07,0,None,0,None(不满足需称王再来),0,FALSE
Taie_09,太阿,9,"石棺",Interact,石棺前取太阿(可祭祀三牲免诅咒/儒礼获楚王祝福),None,0,无,楚王陵·最终墓室,Orange,FALSE,0,Taie_08,0,太阿(临时版伤害65),0,None(直接取剑触发王者之怒诅咒),0,FALSE
Taie_10,太阿,10,"黯淡的太阿",Interact,掘三尺提示→太阿需要威才能发光,None,0,掘三尺,楚王陵外,Green,FALSE,0,Taie_09,0,None,0,None,0,FALSE
Taie_11,太阿,11,"会盟扬威",Interact,参加会盟并成为盟主或核心成员(霸业≥40+3国友善),None,0,无,会盟地点,Yellow,FALSE,0,Taie_10,0,None,0,太阿特效激活30%,0,FALSE
Taie_12,太阿,12,"霸业之战",Kill,完成一次灭国战役或指挥兵力>10000的战役并获胜,None,0,无,战场,Orange,FALSE,0,Taie_11,0,None,0,太阿特效激活60%,0,FALSE
Taie_13,太阿,13,"称王/称霸",Interact,获得王级爵位或霸业≥70→太阿光芒四射,None,0,无,任意,Yellow,FALSE,0,Taie_12,0,太阿(正式版伤害110),0,太阿全特效激活,0,FALSE
Taie_14,太阿,14,"楚王之问",Interact,梦中与楚王幻影对话→「你的国会比楚国更长久吗」,None,0,楚王·幻影,梦境,Yellow,FALSE,0,Taie_13,0,None,0,None,0,FALSE
Taie_15,太阿,15,"威道之悟",Interact,剑身浮现新铭文→光环范围扩大(30m→50m),None,0,无,任意,Green,FALSE,0,Taie_14,0,None,0,光环范围扩大(30m→50m),0,FALSE
Taie_16,太阿,16,"天下霸主",Interact,霸业≥90或完成统一→敌军士气额外-5(累计-10),None,0,无,任意,Green,FALSE,0,Taie_15,0,None,0,成就:威道之主,0,FALSE
Taie_17,太阿,17,"楚王陵·再访",Interact,楚王石棺前放鲜花→鞠躬→太阿闪过一道光芒,None,0,无,楚王陵,Green,FALSE,0,Taie_16,0,None,0,无(纯叙事),0,FALSE
Taie_18,太阿,18,"威道的终章",Interact,完成全部→暴击伤害从200%提升至225%,None,0,无,任意,Green,FALSE,0,Taie_17,0,无,0,成就:太阿之主,0,FALSE

GanjiangMoye_01,干将莫邪,1,"失踪的铸剑师",Collect,与老铁匠干乙对话→获得「干将失踪的线索」,Item_Ganjiang_Clue,1,老铁匠·干乙,楚国宛城·铁匠区,Green,FALSE,0,None,0,干将失踪的线索,0,None,0,FALSE
GanjiangMoye_02,干将莫邪,2,"秘密工坊",Explore,用铁镐打开山壁后门→发现秘密工坊→获得「干将的铸剑台」,None,0,无,宛城北·秘密工坊,Yellow,FALSE,0,GanjiangMoye_01,0,干将的铸剑台,0,None,0,FALSE
GanjiangMoye_03,干将莫邪,3,"干将现身",Interact,工坊等到夜晚(20:00后)→干将现身→解释来意,None,0,铸剑师·干将,秘密工坊(夜晚),Yellow,FALSE,0,GanjiangMoye_02,0,None,0,干将的初步信任,0,FALSE
GanjiangMoye_04,干将莫邪,4,"干将的故事",Interact,听干将讲述三年铸剑与三十天期限,None,0,铸剑师·干将,秘密工坊,Green,FALSE,0,GanjiangMoye_03,0,None,0,解锁三十天期限,0,FALSE
GanjiangMoye_05,干将莫邪,5,"莫邪",Interact,与莫邪对话→她已决定殉炉→选择劝阻/沉默/提议替代,None,0,莫邪,工坊旁小屋,Yellow,FALSE,0,GanjiangMoye_04,0,None,0,None,0,FALSE
GanjiangMoye_06,干将莫邪,6,"铸剑材料",Collect,收集陨铁×5+百炼钢×10+龙血石×3+寒泉水×1,Item_MeteorIron,5,无,各地,Yellow,FALSE,0,GanjiangMoye_05,0,None,0,None,0,FALSE
GanjiangMoye_07,干将莫邪,7,"炉火日夜",Collect,7天助干将维持炉火(每天铁木柴×3+鼓风)→Day7剑胚完成,Item_IronWood,3,铸剑师·干将,秘密工坊,Green,FALSE,0,GanjiangMoye_06,0,None,0,None,7,FALSE
GanjiangMoye_08,干将莫邪,8,"最后一步",Interact,不可逆选择:不干预(莫邪殉炉)/阻止(干将殉炉)/自己替代(死亡),None,0,干将+莫邪,秘密工坊,Orange,FALSE,0,GanjiangMoye_07,0,None,0,双剑出炉(干将+莫邪),0,FALSE
GanjiangMoye_09,干将莫邪,9,"剑成",Interact,双剑铸成(CG)→获得「干将」+「莫邪」(正式版),None,0,无,秘密工坊,Yellow,FALSE,0,GanjiangMoye_08,0,干将+莫邪(正式版),0,None,0,FALSE
GanjiangMoye_10,干将莫邪,10,"楚王的使者",Interact,应对楚王使者·申公(交剑失败/拒绝结仇/拖延十天),None,0,楚王使者·申公,秘密工坊,Orange,FALSE,0,GanjiangMoye_09,0,None,0,None,0,FALSE
GanjiangMoye_11,干将莫邪,11,"护送干将",Escort,护送干将夫妻离开楚国(宛城→武关→秦国)→击退追兵3波,None,0,铸剑师·干将,宛城→武关,Orange,FALSE,0,GanjiangMoye_10,0,None,0,干将安全抵达秦国,0,FALSE
GanjiangMoye_12,干将莫邪,12,"双剑初试",Kill,双持干将莫邪→使用连招「阴阳交错」击败≥20个敌人,None,20,无,战场,Yellow,FALSE,0,GanjiangMoye_11,0,None,0,解锁双剑连招「阴阳交错」,0,FALSE
GanjiangMoye_13,干将莫邪,13,"雌雄共鸣",Interact,将双剑交叉放置→冥想→触发共鸣音,None,0,无,山林/湖边,Yellow,FALSE,0,GanjiangMoye_12,0,None,0,解锁双剑共鸣(暴击率+10%),0,FALSE
GanjiangMoye_14,干将莫邪,14,"干将的嘱托",Interact,听干将嘱托→双剑永不可分离,None,0,铸剑师·干将,干将定居处,Green,FALSE,0,GanjiangMoye_13,0,干将的嘱托,0,None,0,FALSE
GanjiangMoye_15,干将莫邪,15,"莫邪的遗物",Collect,在莫邪小屋床头木盒中找到「莫邪的发簪」,Item_Moye_Hairpin,1,无,秘密工坊·莫邪小屋,Green,FALSE,0,GanjiangMoye_14,0,莫邪的发簪(饰品),0,魅力+5+双剑共鸣效果+5%,0,FALSE
GanjiangMoye_16,干将莫邪,16,"双剑传人",Interact,寻找一对亲密伴侣作为双剑传人→举行传剑仪式,None,0,传人(一对),任意,Green,FALSE,0,GanjiangMoye_15,0,None,0,None,0,FALSE
GanjiangMoye_17,干将莫邪,17,"双剑的宿命",Interact,双剑同时轻鸣→剑意加深(或收到传人来信),None,0,无,任意,Green,FALSE,0,GanjiangMoye_16,0,None,0,剑意加深·连招更流畅,0,FALSE
GanjiangMoye_18,干将莫邪,18,"阴阳交泰",Interact,双剑共鸣+累计击杀≥500→双剑融合白光→终极特效,None,0,无,任意,Orange,FALSE,0,GanjiangMoye_17,0,None,0,连招第四段伤害+50%,0,FALSE
GanjiangMoye_19,干将莫邪,19,"铸剑师的终章",Interact,完成全部→双剑永不分离(死后合葬),None,0,无,任意,Green,FALSE,0,GanjiangMoye_18,0,无,0,成就:干将莫邪之主,0,FALSE

Longyuan_01,龙渊,1,"龙渊传说",Interact,听说书人或渔夫讲龙渊传说→得知龙渊山在巴蜀以南,None,0,说书人或渔夫,楚地/巴蜀酒馆,Green,FALSE,0,None,0,None,0,None,0,FALSE
Longyuan_02,龙渊,2,"三份地图",Collect,收集3份「龙渊山地图碎片」(老姜-洞庭湖/山虎-巴蜀山区/无名-龙渊山入口)→拼合完整地图,Item_Longyuan_MapFragment,3,隐士·无名,龙渊山入口,Yellow,FALSE,0,Longyuan_01,0,龙渊山完整地图,0,解锁龙渊山区域,0,FALSE
Longyuan_03,龙渊,3,"剑池之路",Explore,沿地图穿越密林攀爬岩壁→到达山腰剑池(遭遇龙渊毒蛇),None,0,无,龙渊山,Yellow,FALSE,0,Longyuan_02,0,None,0,None,0,FALSE
Longyuan_04,龙渊,4,"三池之水",Collect,取上/中/下三层「剑池水样」(下池需水下呼吸药剂),Item_JianchiWater,3,无,龙渊剑池,Yellow,FALSE,0,Longyuan_03,0,剑池水样(上/中/下),0,None,0,FALSE
Longyuan_05,龙渊,5,"欧冶子石像",Interact,阅读石像底座铭文→得知欧冶子未完成最终淬火,None,0,无,剑池旁,Green,FALSE,0,Longyuan_04,0,None,0,None,0,FALSE
Longyuan_06,龙渊,6,"龙渊守护者",Kill,击败精英「龙渊守护者·巨鳄」(弱点眼睛)→获得龙鳞+龙血,Boss_LongyuanCrocodile,1,龙渊守护者·巨鳄,龙渊剑池,Red,TRUE,0,Longyuan_05,0,龙鳞+龙血(+巨鳄牙50%),0,None,0,FALSE
Longyuan_07,龙渊,7,"龙血淬火",Collect,龙血×1+剑池水·下×1+淬火石→淬火台加热浸入冷却→剑胚成形,Item_DragonBlood,1,无,剑池旁·淬火台,Yellow,FALSE,0,Longyuan_06,0,龙渊剑胚(未开刃),0,None,0,FALSE
Longyuan_08,龙渊,8,"剑胚开刃",Interact,带剑胚到Lv3+铁匠铺找宗师开刃(3000金)→获得龙渊(临时版),None,0,铁匠宗师,任意Lv3+铁匠铺,Yellow,FALSE,0,Longyuan_07,0,龙渊(临时版伤害65),0,None,0,FALSE
Longyuan_09,龙渊,9,"连招试剑",Interact,用龙渊完成三连/四连/五连终结各一种→特效激活30%,None,3,无,任意,Yellow,FALSE,0,Longyuan_08,0,None,0,特效激活30%,0,FALSE
Longyuan_10,龙渊,10,"龙渊剑意",Interact,回剑池旁冥想→领悟「龙渊不是龙的血是不屈的战意」,None,0,无,龙渊山·剑池,Yellow,FALSE,0,Longyuan_09,0,None,0,特效激活60%(连招递增10%→15%),0,FALSE
Longyuan_11,龙渊,11,"百连试炼",Kill,一场战斗中完成≥10次连招(不间断)→解锁暴击后下一击+25%,None,10,无,山寨/流寇营地,Orange,FALSE,0,Longyuan_10,0,None,0,特效激活90%,0,FALSE
Longyuan_12,龙渊,12,"龙兽回响",Kill,石像提示→用龙渊击杀一名武勇≥80的敌将,None,1,无,任意,Orange,FALSE,0,Longyuan_11,0,None,0,None,0,FALSE
Longyuan_13,龙渊,13,"真正的龙",Kill,单挑中用龙渊击败名将级对手(武勇≥80)→剑身显现龙纹,None,1,名将(廉颇/李牧/白起等),任意,Red,TRUE,0,Longyuan_12,0,龙渊(正式版伤害105),0,龙渊全特效激活,0,FALSE
Longyuan_14,龙渊,14,"龙吟",Interact,战场首次使用五连终结→剑发龙吟→10m内敌军士气-10(仅一次),None,0,无,战场,Yellow,FALSE,0,Longyuan_13,0,None,0,None,0,FALSE
Longyuan_15,龙渊,15,"欧冶子的遗赠",Collect,打开石像底座→获得「欧冶子的铸剑心得」与「龙渊剑鞘」,Item_OuyeziNotes,1,无,剑池·欧冶子石像,Green,FALSE,0,Longyuan_14,0,欧冶子的铸剑心得+龙渊剑鞘(饰品),0,工艺+8+对野兽/巨兽伤害+15%,0,FALSE
Longyuan_16,龙渊,16,"龙渊之主",Interact,完成全部→连招递增上限50%→60%+暴击后下一击25%→35%,None,0,无,任意,Green,FALSE,0,Longyuan_15,0,无,0,成就:龙渊之主,0,FALSE

Gongbu_01,工布,1,"铁匠的传说",Interact,听欧冶宏讲工布传说→获得寻找工布的线索,None,0,宜阳铁匠宗师·欧冶宏,韩国宜阳·铁匠铺,Green,FALSE,0,None,0,None,0,None,0,FALSE
Gongbu_02,工布,2,"天下铁匠",Interact,拜访三位铁匠宗师打听工布线索(欧冶宏/楚锤/赵冶),None,0,欧冶宏/楚锤/赵冶,宜阳/宛城/邯郸,Green,FALSE,0,Gongbu_01,0,None,0,None,0,FALSE
Gongbu_03,工布,3,"铁匠试炼·宜阳",Collect,锻造一把蓝色品质以上的剑(百炼钢×5+硬木×1+皮革×1),None,0,宜阳铁匠宗师·欧冶宏,宜阳铁匠铺,Yellow,FALSE,0,Gongbu_02,0,欧冶宏的推荐信,0,None,0,FALSE
Gongbu_04,工布,4,"铁匠试炼·宛城",Collect,在古战场收集被削断的「断剑残骸」×30,Item_BrokenSword,30,宛城铁匠·楚锤,伊阙/长平/鄢郢/马陵古战场,Yellow,FALSE,0,Gongbu_03,0,None,0,None,0,FALSE
Gongbu_05,工布,5,"铁匠试炼·邯郸",Kill,战斗中用自锻剑削断10把普通武器(格挡触发判定),None,10,邯郸铁匠·赵冶,邯郸,Yellow,FALSE,0,Gongbu_04,0,None,0,None,0,FALSE
Gongbu_06,工布,6,"三位宗师的线索",Interact,集齐三位宗师认可→欧冶宏给出「工布的下落」,None,0,宜阳铁匠宗师·欧冶宏,宜阳铁匠铺,Yellow,FALSE,0,Gongbu_05,0,工布的下落(地图),0,None,0,FALSE
Gongbu_07,工布,7,"秘密洞穴",Explore,用铁镐破开入口→深入洞穴→发现石台上被锁链缠住的剑,None,0,无,宜阳铁矿山·秘密洞穴,Yellow,FALSE,0,Gongbu_06,0,None,0,None,0,FALSE
Gongbu_08,工布,8,"锁链之锁",Collect,集齐4把钥匙(三宗师+自锻钥匙)→解开锁链→获得工布(临时版),Item_GongbuKey,4,无,宜阳铁矿山·秘密洞穴,Orange,FALSE,0,Gongbu_07,0,工布(临时版伤害60),0,None,0,FALSE
Gongbu_09,工布,9,"试剑·百兵",Kill,战斗中累计削断100把敌方武器(格挡触发判定),None,100,无,各地战场,Orange,FALSE,0,Gongbu_08,0,None,0,None,0,FALSE
Gongbu_10,工布,10,"试剑石·百兵",Interact,用「工布」劈开「试剑石·百兵」→特效激活60%,None,0,无,宜阳铁矿山·试剑坪,Yellow,FALSE,0,Gongbu_09,0,工布(半觉醒),0,None,0,FALSE
Gongbu_11,工布,11,"削铁之悟",Interact,听宗师点拨→领悟「锋利在于专注」→特效激活90%+解锁30%概率破盾,None,0,宜阳铁匠宗师·欧冶宏,宜阳铁匠铺,Yellow,FALSE,0,Gongbu_10,0,None,0,特效激活90%+30%概率破坏盾牌,0,FALSE
Gongbu_12,工布,12,"最坚硬的对手",Kill,战场上击破一面塔盾(魏国精锐塔盾兵)→工布完全觉醒,None,1,持塔盾敌将,战场,Red,TRUE,0,Gongbu_11,0,工布(正式版伤害100),0,工布全特效激活,0,FALSE
Gongbu_13,工布,13,"铁匠宗师之证",Interact,三位宗师宣布你为天下第四位铁匠宗师,None,0,三位宗师,任意,Green,FALSE,0,Gongbu_12,0,铁匠宗师(称号),0,工艺+10+锻造品质永久+1级,0,FALSE
Gongbu_14,工布,14,"传艺",Interact,选择一位宗师门下收徒→你的工坊教授7天→学生出师,None,0,学生,你的工坊,Green,FALSE,0,Gongbu_13,0,None,0,收到学生的信和作品,7,FALSE
Gongbu_15,工布,15,"天下至利",Interact,完成全部→破甲率45%→55%+削断判定概率翻倍,None,0,无,任意,Green,FALSE,0,Gongbu_14,0,无,0,成就:工布之主,0,FALSE

Shengxie_01,胜邪,1,"古战场的低语",Explore,古战场夜晚停留>5分钟→听到剑灵的低语,None,0,无,任意古战场(夜晚),Green,FALSE,0,None,0,战场上的奇怪声音,0,None,0,FALSE
Shengxie_02,胜邪,2,"五个古战场的碎片",Collect,在五个古战场收集「剑灵碎片」×5(伊阙/长平/马陵/鄢郢/即墨)→拼合剑灵核心,Item_SwordSpiritFragment,5,无,五个古战场,Yellow,FALSE,0,Shengxie_01,0,剑灵核心,0,None,0,FALSE
Shengxie_03,胜邪,3,"剑灵的名字",Interact,使用剑灵核心与剑灵对话→收集三条线索→拼出名字「魇」,None,0,剑灵,任意,Yellow,FALSE,0,Shengxie_02,0,None,0,得知剑灵之名:魇,0,FALSE
Shengxie_04,胜邪,4,"剑灵的觉醒",Interact,回古战场呼唤「魇」→剑灵觉醒→获得胜邪(临时版),None,0,剑灵·魇,任意古战场,Yellow,FALSE,0,Shengxie_03,0,胜邪(临时版伤害55),0,None,0,FALSE
Shengxie_05,胜邪,5,"剑灵的请求",Interact,听魇讲述未竟之事→剑胚还在宜阳铁矿山,None,0,剑灵·魇,任意,Green,FALSE,0,Shengxie_04,0,None,0,None,0,FALSE
Shengxie_06,胜邪,6,"魇的剑胚",Collect,在秘密洞穴深处的石台上找到「魇的剑胚」,Item_YanSwordBlank,1,无,宜阳铁矿山·秘密洞穴,Yellow,FALSE,0,Shengxie_05,0,魇的剑胚,0,None,0,FALSE
Shengxie_07,胜邪,7,"完成魇的剑",Collect,收集陨铁×3+龙血或妖血×1+百炼钢×2→工匠≥70亲自锻造→为新剑命名,Item_MeteorIron,3,宜阳铁匠宗师·欧冶宏,宜阳铁匠铺,Yellow,FALSE,0,Shengxie_06,0,玩家命名的剑,0,None,0,FALSE
Shengxie_08,胜邪,8,"魇的安息",Interact,将新剑带到古战场→魇安息→剩余意识融入胜邪,None,0,剑灵·魇,古战场,Yellow,FALSE,0,Shengxie_07,0,胜邪(正式版伤害95),0,胜邪特效激活+反噬风险降低,0,FALSE
Shengxie_09,胜邪,9,"一千人斩",Kill,使用胜邪累计击杀≥1000名敌人,None,1000,无,任意,Orange,FALSE,0,Shengxie_08,0,None,0,None,0,FALSE
Shengxie_10,胜邪,10,"反噬预警",Interact,连续使用胜邪>30天触发反噬(攻击力-20%→-50%)→放仓库休息7天解除,None,0,剑灵·魇,任意,Orange,FALSE,0,Shengxie_09,0,None,0,None,30,FALSE
Shengxie_11,胜邪,11,"降服",Interact,反噬状态下武勇判定(≥85可控制)→反噬不再触发,None,0,剑灵·魇,任意,Orange,FALSE,0,Shengxie_10,0,None,0,反噬不再触发,0,FALSE
Shengxie_12,胜邪,12,"剑灵·共生",Interact,领悟魇是你的一部分→击杀加攻击上限20→30+回血5%→8%,None,0,无,任意,Green,FALSE,0,Shengxie_11,0,None,0,击杀上限+30+回血8%,0,FALSE
Shengxie_13,胜邪,13,"千杀的尽头",Interact,累计击杀≥5000→剑中千声嘈杂→魇镇住所有声音,None,0,无,任意,Orange,FALSE,0,Shengxie_12,0,None,0,生命<20%时自动回复至30%(每场1次),0,FALSE
Shengxie_14,胜邪,14,"胜邪之主",Interact,完成全部→武勇+2(永久)+反噬完全免疫,None,0,无,任意,Green,FALSE,0,Shengxie_13,0,无,0,成就:胜邪之主,0,FALSE

Chunjun_01,纯钧,1,"会盟的消息",Interact,霸业≥30或信义≥50→信使送来「会盟请柬」,None,0,信使,任意驿站,Green,FALSE,0,None,0,会盟请柬,0,None,0,FALSE
Chunjun_02,纯钧,2,"洛阳会盟",Interact,参加洛阳会盟→展示实力→注意到齐王腰间华美佩剑,None,0,各国君主/使臣,周室·洛阳,Yellow,FALSE,0,Chunjun_01,0,None,0,None,0,FALSE
Chunjun_03,纯钧,3,"齐王的宝剑",Interact,与齐王对话→纯钧只配真正的贵人→「你比我更贵才行」,None,0,齐王,洛阳会盟,Yellow,FALSE,0,Chunjun_02,0,None,0,None,0,FALSE
Chunjun_04,纯钧,4,"五国赠礼",Collect,获得≥3个国家君主的赠礼(解决难题/外交/联姻),None,3,各国君主,各国,Yellow,FALSE,0,Chunjun_03,0,君主赠礼(玉璧/漆器/宝马等),0,None,0,FALSE
Chunjun_05,纯钧,5,"证明尊贵",Interact,向齐王展示各国赠礼→齐王提示真正的尊是发自内心的尊敬,None,0,齐王,洛阳会盟,Yellow,FALSE,0,Chunjun_04,0,None,0,None,0,FALSE
Chunjun_06,纯钧,6,"万民之尊",Interact,城池民忠≥90+与≥5平民对话获得尊敬见证→向齐王展示,None,5,平民,任意城池,Yellow,FALSE,0,Chunjun_05,0,None,0,None,0,FALSE
Chunjun_07,纯钧,7,"齐王的考验",Interact,回答齐王最后一问(为天下/为自己/为做更多事)→真诚最重要,None,0,齐王,洛阳会盟,Yellow,FALSE,0,Chunjun_06,0,None,0,齐王的认可,0,FALSE
Chunjun_08,纯钧,8,"纯钧赠予",Interact,齐王解剑相赠→获得「纯钧」(正式版),None,0,齐王,洛阳会盟,Orange,FALSE,0,Chunjun_07,0,纯钧(正式版伤害105),0,纯钧全特效激活(唯一外交获得的名剑),0,FALSE
Chunjun_09,纯钧,9,"纯钧剑匣",Collect,收集蓝田玉×2+金线×1+工匠费2000金→打造「纯钧剑匣」,Item_LantianJade,2,齐国宫廷工匠,齐国宫廷,Yellow,FALSE,0,Chunjun_08,0,纯钧剑匣,0,魅力加成翻倍(+16),0,FALSE
Chunjun_10,纯钧,10,"周天子的赐服",Interact,霸业≥60+周室关系友善→周天子赐「九章之服」,None,0,周天子,洛阳,Yellow,FALSE,0,Chunjun_09,0,周天子的赐服,0,正式场合魅力+20,0,FALSE
Chunjun_11,纯钧,11,"会盟之主",Interact,持纯钧+赐服→发起会盟时被推举为盟主概率+50%,None,0,无,任意,Green,FALSE,0,Chunjun_10,0,None,0,被推举为盟主概率+50%,0,FALSE
Chunjun_12,纯钧,12,"尊贵的代价",Interact,成为盟主后独处→体悟尊贵的孤独(纯钧没有剑灵),None,0,无,任意,Green,FALSE,0,Chunjun_11,0,None,0,None,0,FALSE
Chunjun_13,纯钧,13,"贵族之敌",Interact,贵族背后非议→选择无视/帮助/打压(打压则仁义-10),None,0,非议的贵族,任意,Yellow,FALSE,0,Chunjun_12,0,None,0,无视则魅力+3,0,FALSE
Chunjun_14,纯钧,14,"传玺",Interact,霸业≥90+统一完成→周天子摘下冠冕→「天下交给你了」,None,0,周天子(或后裔),洛阳,Orange,FALSE,0,Chunjun_13,0,None,0,纯钧见证时代交替,0,FALSE
Chunjun_15,纯钧,15,"纯钧之主",Interact,完成全部→对方攻击压制-15%→-25%+正式场合外交成功率+10%,None,0,无,任意,Green,FALSE,0,Chunjun_14,0,无,0,成就:纯钧之主,0,FALSE
