RowName,UnitID,DisplayName,Nation,Tier,Type,Attack,Defense,Health,Morale,MoveSpeed,Range,Ammo,ArmorPenetration,RecruitmentCost,UpkeepPerMonth,TrainingDays,SpecialAbility,RequiredTech,Description
Qin_Militia_T0,Qin_Militia_T0,"秦民兵",Qin,0,LightInfantry,18,8,60,40,100,0,0,0.00,50,15,3,None,None,"基础征召兵，征召速度快+50%"
Qin_LightInfantry_T1,Qin_LightInfantry_T1,"秦轻步卒",Qin,1,LightInfantry,28,15,80,55,95,0,0,0.00,120,25,7,None,None,"训练时间-20%(军功爵制)"
Qin_Archer_T1,Qin_Archer_T1,"秦弓手",Qin,1,Archer,22,10,65,50,90,100,20,0.00,130,25,7,None,None,"标准弓兵"
Qin_HeavyInfantry_T2,Qin_HeavyInfantry_T2,"秦锐士",Qin,2,HeavyInfantry,42,35,120,70,75,0,0,0.05,250,45,14,PhalanxTactic,IronWeapons,"秦军精锐，攻击+10%"
Qin_Crossbow_T2,Qin_Crossbow_T2,"秦强弩手",Qin,2,Crossbow,38,22,90,60,80,120,25,0.30,220,40,14,ArmorPiercingShot,CrossbowTech,"穿透敌方30%护甲"
Qin_HeavyInfantry_T3,Qin_HeavyInfantry_T3,"秦铁鹰锐士",Qin,3,HeavyInfantry,58,48,170,80,70,0,0,0.15,450,70,21,IronWall,RefinedIronArmor,"秦国独有精锐，防御+15%"
Qin_Chariot_T3,Qin_Chariot_T3,"秦战车兵",Qin,3,Chariot,60,40,200,65,85,0,0,0.05,500,80,21,Charge,CavalryReform,"冲锋伤害+50%"
Qin_HeavyInfantry_T4,Qin_HeavyInfantry_T4,"秦骊山军",Qin,4,HeavyInfantry,72,58,210,85,65,0,0,0.20,700,100,28,FormationMaster,Fortification,"可主动改变阵型速度+50%"
Qin_Siege_T4,Qin_Siege_T4,"秦弩车",Qin,4,Siege,80,60,250,60,40,200,15,0.40,900,150,35,LongRangeBombard,SiegeTech,"远距离范围溅射伤害"
Qin_HeavyInfantry_T5,Qin_HeavyInfantry_T5,"大秦锐士",Qin,5,HeavyInfantry,95,78,300,95,60,0,0,0.25,1500,180,42,Unrivaled,AllMilitaryTech,"终极步兵"

Chu_Militia_T0,Chu_Militia_T0,"楚乡勇",Chu,0,LightInfantry,16,10,65,42,95,0,0,0.00,50,15,3,None,None,"丛林适应+15%"
Chu_LightInfantry_T1,Chu_LightInfantry_T1,"楚轻步卒",Chu,1,LightInfantry,26,17,85,55,90,0,0,0.00,120,25,7,ForestSkirmish,None,"森林移速不减"
Chu_Archer_T1,Chu_Archer_T1,"楚弓手",Chu,1,Archer,25,12,70,52,90,110,22,0.00,130,25,7,LongbowAdvantage,None,"射程+10%，楚国长弓传统"
Chu_HeavyInfantry_T2,Chu_HeavyInfantry_T2,"楚申息之师",Chu,2,HeavyInfantry,36,33,125,68,75,0,0,0.05,250,45,14,Unbroken,IronWeapons,"士气<20时防御+30%"
Chu_Chariot_T2,Chu_Chariot_T2,"楚战车兵",Chu,2,Chariot,55,38,190,60,85,0,0,0.05,300,55,16,FireCharge,CavalryReform,"可装备火攻配件"
Chu_HeavyInfantry_T3,Chu_HeavyInfantry_T3,"楚若敖军",Chu,3,HeavyInfantry,50,52,180,78,70,0,0,0.10,450,70,21,IronWall,RefinedIronArmor,"楚国宗室部队"
Chu_Naval_T3,Chu_Naval_T3,"楚艨艟水军",Chu,3,Naval,42,40,155,72,75,0,0,0.10,400,65,18,BoardingExpert,Shipbuilding,"水战伤害+20%，楚国独有水军"
Chu_HeavyInfantry_T4,Chu_HeavyInfantry_T4,"楚王卒",Chu,4,HeavyInfantry,65,55,240,82,65,0,0,0.15,700,100,28,RoyalGuard,Fortification,"近卫队可复活一次"
Chu_Siege_T4,Chu_Siege_T4,"楚投石车",Chu,4,Siege,75,55,230,58,45,250,10,0.45,850,140,32,BoulderStrike,SiegeTech,"城门伤害+50%"
Chu_HeavyInfantry_T5,Chu_HeavyInfantry_T5,"楚大司马卫队",Chu,5,HeavyInfantry,85,72,310,90,60,0,0,0.20,1500,180,42,MoraleAura,AllMilitaryTech,"超大范围士气光环"

Qi_Militia_T0,Qi_Militia_T0,"齐乡勇",Qi,0,LightInfantry,15,8,58,40,100,0,0,0.00,50,15,3,None,None,"商业城:维护费-20%"
Qi_LightInfantry_T1,Qi_LightInfantry_T1,"齐轻步卒",Qi,1,LightInfantry,25,15,80,52,95,0,0,0.00,110,22,7,None,None,"装备精良(商业采购)"
Qi_Archer_T1,Qi_Archer_T1,"齐弓手",Qi,1,Archer,24,12,65,50,90,105,20,0.00,125,24,7,VolleyTraining,None,"齐射时精度+15%"
Qi_LightInfantry_T2,Qi_LightInfantry_T2,"齐技击之士",Qi,2,LightInfantry,38,22,100,65,95,0,0,0.05,230,40,14,SwordMastery,IronWeapons,"暴击率+10%(剑术精良)"
Qi_Crossbow_T2,Qi_Crossbow_T2,"齐强弩手",Qi,2,Crossbow,35,20,85,58,80,120,25,0.25,210,38,14,PrecisionShot,CrossbowTech,"精确度+20%"
Qi_HeavyInfantry_T3,Qi_HeavyInfantry_T3,"齐持戟士",Qi,3,HeavyInfantry,52,42,170,73,75,0,0,0.15,420,65,21,AntiCavalry,RefinedIronArmor,"对骑兵伤害+25%"
Qi_Naval_T3,Qi_Naval_T3,"齐楼船水军",Qi,3,Naval,38,30,140,65,70,130,30,0.10,400,60,18,DeckArchery,Shipbuilding,"楼船上远程伤害+25%"
Qi_LightInfantry_T4,Qi_LightInfantry_T4,"齐技击宗师",Qi,4,LightInfantry,68,40,200,80,90,0,0,0.20,680,95,28,SwordGrandmaster,Fortification,"单挑时剑类伤害+30%"
Qi_Naval_T4,Qi_Naval_T4,"齐楼船舰队",Qi,4,Naval,60,50,260,68,50,200,20,0.30,800,130,32,FloatingFortress,SiegeTech,"可搭载2队步兵(接舷)"
Qi_LightInfantry_T5,Qi_LightInfantry_T5,"齐技击大宗师",Qi,5,LightInfantry,88,55,270,92,88,0,0,0.30,1500,170,42,ComboMaster,AllMilitaryTech,"连击上限+3段"

Zhao_Militia_T0,Zhao_Militia_T0,"赵民兵",Zhao,0,LightInfantry,17,8,60,42,100,0,0,0.00,50,15,3,None,None,"标准民兵"
Zhao_LightCavalry_T1,Zhao_LightCavalry_T1,"赵轻骑",Zhao,1,LightCavalry,30,12,70,55,130,0,0,0.00,180,35,10,MountedArchery,None,"移速+15%，胡服骑射"
Zhao_HorseArcher_T1,Zhao_HorseArcher_T1,"赵弓骑",Zhao,1,Archer,22,8,55,50,140,80,15,0.00,200,40,12,MoveAndShoot,None,"马上射箭(精度-15%)"
Zhao_HeavyCavalry_T2,Zhao_HeavyCavalry_T2,"赵铁骑",Zhao,2,HeavyCavalry,48,32,140,72,120,0,0,0.10,400,65,18,ChargeBreakthrough,IronWeapons,"冲锋伤害+30%"
Zhao_HeavyInfantry_T2,Zhao_HeavyInfantry_T2,"赵重步卒",Zhao,2,HeavyInfantry,38,35,120,60,75,0,0,0.05,250,45,14,PhalanxTactic,IronWeapons,"胡服骑射改革后步兵强化"
Zhao_LightCavalry_T3,Zhao_LightCavalry_T3,"赵边骑",Zhao,3,LightCavalry,55,30,150,75,150,0,0,0.10,550,80,24,SwiftAssault,RefinedIronArmor,"移速+25%+奇袭模式"
Zhao_HorseArcher_T3,Zhao_HorseArcher_T3,"赵飞骑",Zhao,3,Archer,40,18,100,68,155,100,25,0.10,500,85,22,FullSpeedShot,CavalryReform,"满速移动射击精度不减"
Zhao_HeavyCavalry_T4,Zhao_HeavyCavalry_T4,"赵武灵王铁骑",Zhao,4,HeavyCavalry,72,55,230,85,130,0,0,0.20,850,120,32,UltimateCharge,Fortification,"冲锋可击退目标+溅射"
Zhao_Siege_T4,Zhao_Siege_T4,"赵投石车",Zhao,4,Siege,72,50,220,58,45,240,10,0.35,850,140,32,BoulderStrike,SiegeTech,"标准投石车"
Zhao_HeavyCavalry_T5,Zhao_HeavyCavalry_T5,"赵武安君卫队",Zhao,5,HeavyCavalry,92,72,300,95,140,0,0,0.30,1800,200,42,ThunderCharge,AllMilitaryTech,"冲锋时无视地形减速"

Yan_Militia_T0,Yan_Militia_T0,"燕民兵",Yan,0,LightInfantry,16,8,58,38,100,0,0,0.00,50,15,3,None,None,"寒冷适应+20%"
Yan_LightInfantry_T1,Yan_LightInfantry_T1,"燕步卒",Yan,1,LightInfantry,25,14,78,50,95,0,0,0.00,120,25,7,None,None,"标准步兵"
Yan_Archer_T1,Yan_Archer_T1,"燕弓手",Yan,1,Archer,23,10,62,48,90,105,20,0.00,125,25,7,LongRangeTraining,None,"射程+5%"
Yan_LightInfantry_T2,Yan_LightInfantry_T2,"燕山锐卒",Yan,2,LightInfantry,34,20,105,62,95,0,0,0.05,230,42,14,MountainWarfare,IronWeapons,"山地移速不减+伏击+20%"
Yan_HorseArcher_T2,Yan_HorseArcher_T2,"燕骑射手",Yan,2,Archer,28,12,70,55,135,90,18,0.00,300,50,18,MountedArchery,CavalryReform,"马上射箭基础"
Yan_HeavyCavalry_T3,Yan_HeavyCavalry_T3,"燕辽东铁骑",Yan,3,HeavyCavalry,50,30,155,72,125,0,0,0.10,500,75,24,ColdCharge,RefinedIronArmor,"雪地移速不减+冲锋+20%"
Yan_Archer_T3,Yan_Archer_T3,"燕强弓手",Yan,3,Archer,42,18,80,65,85,130,30,0.20,350,55,18,ArmorPiercingArrow,RefinedIronArmor,"可发射破甲箭(穿甲20%)"
Yan_HeavyInfantry_T4,Yan_HeavyInfantry_T4,"燕黄金台卫队",Yan,4,HeavyInfantry,65,52,220,80,68,0,0,0.15,750,100,28,TrainingAura,Fortification,"全军经验成长+30%(光环)"
Yan_Siege_T4,Yan_Siege_T4,"燕投石车",Yan,4,Siege,68,48,210,55,45,240,10,0.35,800,140,32,BoulderStrike,SiegeTech,"标准投石车"
Yan_HeavyCavalry_T5,Yan_HeavyCavalry_T5,"燕昭王铁卫",Yan,5,HeavyCavalry,88,68,290,90,135,0,0,0.25,1600,180,42,SummonReinforcements,AllMilitaryTech,"可召唤一支黄金台援军(每场1次)"

Wei_Militia_T0,Wei_Militia_T0,"魏民兵",Wei,0,LightInfantry,17,9,62,42,100,0,0,0.00,50,15,3,None,None,"标准民兵"
Wei_HeavyInfantry_T1,Wei_HeavyInfantry_T1,"魏步卒",Wei,1,HeavyInfantry,30,18,85,55,90,0,0,0.00,135,28,8,None,None,"魏武卒传统基础"
Wei_Archer_T1,Wei_Archer_T1,"魏弓手",Wei,1,Archer,24,11,65,50,90,100,20,0.00,125,25,7,None,None,"标准弓兵"
Wei_HeavyInfantry_T2,Wei_HeavyInfantry_T2,"魏武卒",Wei,2,HeavyInfantry,45,38,130,72,80,0,0,0.10,280,50,16,WuzuAssault,IronWeapons,"连续作战疲劳-50%"
Wei_Chariot_T2,Wei_Chariot_T2,"魏战车兵",Wei,2,Chariot,52,35,180,58,85,0,0,0.05,320,55,16,Charge,CavalryReform,"标准战车"
Wei_HeavyInfantry_T3,Wei_HeavyInfantry_T3,"魏武卒精锐",Wei,3,HeavyInfantry,60,50,175,80,75,0,0,0.15,480,75,24,WuzuUnbroken,RefinedIronArmor,"士气<20时攻击+25%"
Wei_Crossbow_T3,Wei_Crossbow_T3,"魏强弩手",Wei,3,Crossbow,42,25,95,62,80,130,28,0.25,380,50,18,RepeatingCrossbow,CrossbowTech,"3连发后装填"
Wei_HeavyInfantry_T4,Wei_HeavyInfantry_T4,"魏武卒大将卫队",Wei,4,HeavyInfantry,75,60,240,88,70,0,0,0.20,780,110,30,DefenseAura,Fortification,"周围友军防御+15%(光环)"
Wei_Siege_T4,Wei_Siege_T4,"魏弩车",Wei,4,Siege,78,55,240,58,40,220,12,0.40,880,150,32,PrecisionBombard,SiegeTech,"对城墙伤害+30%"
Wei_HeavyInfantry_T5,Wei_HeavyInfantry_T5,"魏武卒天下",Wei,5,HeavyInfantry,95,78,320,95,68,0,0,0.25,1700,190,42,IgnoreFatigue,AllMilitaryTech,"无视疲劳+无视地形减速"

Han_Militia_T0,Han_Militia_T0,"韩民兵",Han,0,LightInfantry,16,7,55,38,100,0,0,0.00,50,15,3,None,None,"标准民兵"
Han_LightInfantry_T1,Han_LightInfantry_T1,"韩步卒",Han,1,LightInfantry,26,13,78,48,95,0,0,0.00,120,25,7,None,None,"装备精良(宜阳铁)"
Han_Crossbow_T1,Han_Crossbow_T1,"韩弩手",Han,1,Crossbow,28,14,60,52,85,120,22,0.15,150,30,8,PrecisionShot,None,"精度+15%，劲弩传统"
Han_Crossbow_T2,Han_Crossbow_T2,"韩劲弩手",Han,2,Crossbow,38,20,80,62,82,130,28,0.40,250,45,14,ArmorPiercingRepeater,CrossbowTech,"穿透40%护甲(弩中最高)"
Han_HeavyInfantry_T2,Han_HeavyInfantry_T2,"韩铁步卒",Han,2,HeavyInfantry,40,32,115,58,78,0,0,0.10,250,45,14,PhalanxTactic,IronWeapons,"宜阳精铁打造装备"
Han_Crossbow_T3,Han_Crossbow_T3,"韩强弩锐士",Han,3,Crossbow,52,28,100,72,80,140,32,0.50,420,65,21,MasterPiercingShot,RefinedIronArmor,"暴击率+20%+穿甲50%"
Han_HeavyInfantry_T3,Han_HeavyInfantry_T3,"韩铁甲步卒",Han,3,HeavyInfantry,55,48,160,68,72,0,0,0.20,420,68,21,IronWall,RefinedIronArmor,"装备品质+1级(宜阳精铁)"
Han_Crossbow_T4,Han_Crossbow_T4,"韩神弩手",Han,4,Crossbow,68,35,130,80,78,150,35,0.55,650,95,28,SniperShot,Fortification,"可精确狙杀武将(伤害×2对将领)"
Han_Siege_T4,Han_Siege_T4,"韩守城弩",Han,4,Siege,85,65,260,60,30,250,15,0.50,900,160,35,WallDefender,SiegeTech,"放在城墙上射程+50%+伤害+40%"
Han_Crossbow_T5,Han_Crossbow_T5,"韩神机营",Han,5,Crossbow,88,48,170,88,78,160,40,0.60,1700,200,42,MultiTarget,AllMilitaryTech,"可同时攻击3个目标"
