RowName,ProductName,Quality,WeaponType,RequiredCraft,RequiredTech,Material1,Material1Qty,Material2,Material2Qty,Material3,Material3Qty,SpecialMaterial,CraftDays,BaseSuccessRate,MaxSuccessRate,Cooldown,IsMassProducible,NationRestriction,Description
Sword_Copper,铜剑,Common,Sword,0,None,铜锭,3,木材_柄,1,,0,,1,95,100,0,TRUE,None,"基础铜剑锻造"
Sword_RefinedIron,精铁剑,Uncommon,Sword,25,冶铁术,精铁锭,3,木材_柄,1,皮革_缠柄,1,,3,75,95,0,TRUE,None,"精铁剑锻造"
Sword_HundredSteel,百炼钢剑,Rare,Sword,45,炼钢,百炼钢锭,4,硬木_柄,1,皮革_缠柄,2,,7,55,85,3,TRUE,None,"百炼钢折叠锻打"
Sword_HanPrecision,韩精工剑,Epic,Sword,70,百炼成钢,百炼钢锭,6,黑檀木_柄,1,丝线_缠柄,3,韩国精炼剂,14,40,75,7,FALSE,韩,"韩国精密锻造"
Sword_QinStandard,秦制式剑,Uncommon,Sword,20,冶铁术,铁锭,3,木材_柄,1,,0,,2,85,95,0,TRUE,秦,"秦国标准化制式"
Blade_Copper,铜刀,Common,Blade,0,None,铜锭,4,木材_柄,1,,0,,1,95,100,0,TRUE,None,"基础铜刀"
Blade_RefinedIron,精铁刀,Uncommon,Blade,25,冶铁术,精铁锭,4,硬木_柄,1,皮革_缠柄,1,,3,75,95,0,TRUE,None,"精铁刀锻造"
Blade_ZhaoCavalry,赵骑战刀,Rare,Blade,40,冶铁术+骑兵革新,精铁锭,4,鹿角_柄,1,马鬃_缠柄,2,代郡陨铁碎片,5,50,80,3,FALSE,赵,"赵国骑兵专用"
Halberd_RefinedIron,精铁戟,Uncommon,Halberd,30,冶铁术,精铁锭,5,硬木_长柄,2,皮革_缠柄,1,,4,70,90,0,TRUE,None,"精铁戟锻造"
Halberd_WeiWuzu,魏武戟,Rare,Halberd,45,冶铁术,精铁锭,6,铁木_长柄,2,精铁_戟刃加强,2,魏武卒训练手册,8,45,75,5,FALSE,魏,"魏武卒标配"
Spear_ZhaoCavalry,赵骑枪,Rare,Spear,40,冶铁术+骑兵革新,精铁锭,3,铁木_超长柄,3,马鬃_枪缨,3,代郡战马鬃毛,6,50,80,3,FALSE,赵,"赵国骑兵长枪(架枪专用)"
Bow_Composite,复合弓,Rare,Bow,45,冶铁术,紫杉木_弓身,5,牛角+筋腱,4,丝线_弦+鱼胶,3,,7,50,80,5,TRUE,None,"多层复合弓"
Crossbow_HanPrecision,韩劲弩,Rare,Crossbow,55,弩机+冶铁术,铁木_弩身,6,百炼钢_弩机,4,鹿筋_弦,3,韩国精密图纸,14,40,70,7,FALSE,韩,"天下劲弩出韩国"
Crossbow_Repeating,三连弩,Rare,Crossbow,60,连弩+机关术,铁木_弩身,8,百炼钢_机关,6,精铁_箭匣,5,"韩国机关图纸+精密弹簧",21,30,60,14,FALSE,韩,"韩国独有三连发机关弩"
Upgrade_Uncommon,品质升级(白→绿),Uncommon,Any,20,冶铁术,原武器,1,精铁锭,2,,0,,3,70,90,0,TRUE,None,"白色武器升级为绿色"
Upgrade_Rare,品质升级(绿→蓝),Rare,Any,45,炼钢,原武器,1,百炼钢锭,3,,0,,7,50,75,3,TRUE,None,"绿色武器升级为蓝色"
Repair,武器修理,Any,Any,0,None,原武器,1,同材质锭,1,,0,,0.5,100,100,0,TRUE,None,"消耗同材质材料修复耐久"
Sword_QiJijian,齐技击剑,Uncommon,Sword,40,冶铁术,精铁锭,3,轻木_柄,1,丝线_缠柄,2,齐国剑术心得,5,60,85,3,FALSE,齐,"适合技击的轻剑"
Blade_HundredSteel,百炼钢刀,Rare,Blade,45,炼钢,百炼钢锭,5,硬木_柄,1,皮革_缠柄,2,,7,55,85,3,TRUE,None,"百炼钢刀锻造"
Blade_QinCleaver,秦重斩刀,Rare,Blade,45,冶铁术,精铁锭,5,硬木_柄,1,皮革_缠柄,2,秦国重斩刀图纸,6,50,80,3,FALSE,秦,"秦国重刀"
Halberd_Copper,铜戟,Common,Halberd,5,None,铜锭,5,木材_长柄,2,,0,,2,90,100,0,TRUE,None,"基础铜戟"
Halberd_HundredSteel,百炼钢戟,Rare,Halberd,50,炼钢,百炼钢锭,6,铁木_长柄,2,皮革_缠柄,2,,8,50,80,5,TRUE,None,"百炼钢戟锻造"
Spear_Copper,铜矛,Common,Spear,0,None,铜锭,2,木材_长柄,2,,0,,1,95,100,0,TRUE,None,"基础铜矛"
Spear_RefinedIron,精铁矛,Uncommon,Spear,25,冶铁术,精铁锭,2,硬木_长柄,2,皮革_缠柄,1,,3,75,95,0,TRUE,None,"精铁矛锻造"
Spear_HundredSteel,百炼钢矛,Rare,Spear,45,炼钢,百炼钢锭,3,铁木_长柄,2,皮革_缠柄,2,,7,55,85,3,TRUE,None,"百炼钢矛锻造"
Bow_ShortWood,短木弓,Common,Bow,5,None,木材_弓身,3,筋腱,2,麻线_弦,1,,2,85,100,0,TRUE,None,"基础猎弓"
Bow_Horn,角弓,Uncommon,Bow,25,冶铁术,木材_弓身,4,牛角,2,筋腱,3,,4,70,90,0,TRUE,None,"牛角加固弓"
Bow_ChuLongbow,楚长弓,Rare,Bow,50,None,楚地紫杉_弓身,6,牛角,3,鹿筋_弦,4,楚国长弓术传承,8,50,75,5,FALSE,楚,"楚国长弓"
Crossbow_Wood,木弩,Common,Crossbow,15,弩机,木材_弩身,4,铜_弩机,2,筋腱_弦,1,,5,80,95,0,TRUE,None,"基础弩机"
Crossbow_Strong,劲弩,Uncommon,Crossbow,30,弩机,硬木_弩身,5,精铁_弩机,3,筋腱_弦,2,,7,65,90,3,TRUE,None,"精铁弩机"
Crossbow_QinStrong,秦强弩,Uncommon,Crossbow,30,弩机,硬木_弩身,5,铁_弩机,3,筋腱_弦,2,,6,70,90,3,TRUE,秦,"秦国量产强弩"
Legend_SwordReplica,名剑仿品(通用),Epic,Sword,75,百炼成钢,百炼钢锭,10,陨铁碎片_稀有,2,"龙血/麒麟血_传说",1,名剑图谱_隐藏任务获取,30,15,40,30,FALSE,None,"仿造十大名剑(威力为真品80%)"
Legend_CustomArtifact,自命名神兵,Mythic,Any,95,终极工艺,"镔铁+龙骨+陨铁",各5,神话精华_终极任务,1,灵魂碎片_绑定玩家,1,"传说材料+命名仪式",60,5,20,90,FALSE,韩,"玩家命名的唯一神兵"
Upgrade_Epic,品质升级(蓝→紫),Epic,Any,65,百炼成钢,原武器,1,百炼钢锭,5,陨铁碎片,1,,14,30,55,7,TRUE,None,"蓝色武器升级为紫色"
