RowName,ItemName,BasePrice,Weight_Shi,Category,SubCategory,Origin1,Origin2,Origin3,Origin4,SeasonModifier,WarModifier,MinPrice,MaxPrice,Description
Grain,粮食,10,1.0,Essential,Food,"关中(秦)","黄淮(魏)","长江中游(楚)",巴蜀,"秋收-30%","战区+50%",6,25,"最重要大宗商品"
SeaSalt,海盐,15,0.5,Essential,Seasoning,"临淄(齐)","会稽(楚)",,,无,"战区+40%",10,40,"齐国垄断"
PoolSalt,池盐,20,0.5,Essential,Seasoning,"河东(魏)",,,,无,"战区+40%",14,50,"内陆盐来源"
DriedMeat,肉干,25,0.3,Essential,Food,各地,,,,秋季+15%,"战区+60%",18,55,"军粮之肉食"
DriedFish,鱼干,18,0.2,Essential,Food,"临淄(齐)","会稽(楚)",,,夏季+20%,无,12,35,"沿海特产"
Vegetable,蔬菜,5,0.5,Essential,Food,各地,,,,夏季+30%,无,3,15,"保质期短"
Wine,酒,55,1.0,Consumer,Drink,各地,,,,秋收后-20%,无,30,90,"粮食酿造(5粮→1酒)"
Cloth,布帛,12,0.3,Consumer,Fabric,"临淄(齐)","大梁(魏)",,,无,无,8,25,"平民衣料"
HempCloth,麻布,8,0.3,Consumer,Fabric,各地,,,,无,无,5,18,"粗糙衣料"
RawSilk,生丝,30,0.2,RawMaterial,Textile,"临淄(齐)","会稽(楚)",,,春季+15%,无,20,50,"蚕茧抽丝(桑田产出)"
Pottery,陶器,10,1.0,Consumer,DailyUse,各地,,,,无,无,6,22,"易碎品"
Lacquerware,漆器,45,0.3,Luxury,DailyUse,"郢都(楚)",,,,无,无,30,90,"楚国特产"
Silk,丝绸,130,0.1,Luxury,Fabric,"临淄(齐)",,,,无,无,80,220,"齐国垄断(3生丝→1丝绸)"
Brocade,锦袍,500,0.05,Luxury,Fabric,"临淄(齐)","郢都(楚)","咸阳(秦)",,无,无,350,1200,"刺绣加工品"
Jade,玉器,150,0.05,Luxury,Ornament,"蓝田(秦)",,,,无,无,100,350,"秦国特产"
Pearl,珍珠,200,0.01,Luxury,Ornament,"会稽(楚)",南海,,,无,无,140,450,"高价值小体积"
BronzeWare,青铜器,120,2.0,Luxury,Ritual,"洛阳(周)","宛城(楚)",,,无,无,80,250,"礼器/古董"
BambooSlip,竹简,5,0.1,Culture,Book,"稷下(齐)","咸阳(秦)",,,无,无,3,12,"知识载体"
Brush,毛笔,3,0.01,Culture,Stationery,各地,,,,无,无,2,8,"书写工具"
Ink,墨,8,0.05,Culture,Stationery,各地,,,,无,无,5,15,"书写工具"
IronOre,铁矿石,25,3.0,Strategic,MetalMine,"宜阳(韩)","宛城(楚)","邯郸(赵)",,无,"战区+30%",18,55,"冶铁原料"
Copper,铜,18,2.0,Strategic,MetalMine,"宛城(楚)","中条山(魏)",,,无,无,12,38,"铸钱/铜器原料"
GoldOre,金矿石,200,1.0,Strategic,PreciousMetal,楚地,巴蜀,,,无,无,150,450,"炼金原料"
RefinedIron,精铁,85,2.0,Strategic,RefinedMetal,"宜阳(韩)","邯郸(赵)",,,无,"战区+50%",55,180,"冶铁加工品(3铁矿→1精铁)"
HundredSteel,百炼钢,200,0.5,Strategic,AdvancedMetal,"宜阳(韩)",,,,无,"战区+100%",150,500,"顶级兵器原料"
WarHorse,战马,200,0.0,Strategic,WarHorse,"代郡(赵)","陇西(秦)","辽西(燕)",,春季+15%(产驹),"战区+100%",140,500,"骑兵必需"
PackHorse,驮马,80,0.0,Strategic,WarHorse,各地,,,,无,"战区+50%",50,180,"商队/运输"
Chariot,战车,600,5.0,Strategic,Vehicle,各地,,,,无,"战区+100%",400,1500,"双马战车"
Leather,皮革,15,0.5,Military,Material,"代郡(赵)","陇西(秦)",,,秋季+20%(狩猎季),"战区+30%",10,35,"制甲原料"
Fur,兽皮,25,0.5,Military,Material,"代郡(赵)","辽西(燕)",,,秋季+20%,无,18,50,"优质皮毛"
Sinew,筋腱,8,0.05,Military,Material,各地,,,,秋季+20%,无,5,18,"制弓原料"
Arrow,箭矢,2,0.01,Military,Consumable,各地,,,,无,"战区+80%",1,5,"批量消耗品"
BowWood,弓身木,6,0.2,Military,Material,楚地,巴蜀,,,无,无,4,15,"制弓原料"
PreservedRation,军粮(腌制),35,1.0,Military,Consumable,各地,,,,无,无,25,70,"可长期保存(1海盐+5肉干→10军粮)"
SeZither,乐器_瑟,300,1.0,Culture,Instrument,"郢都(楚)",,,,无,无,200,600,
ChimeBells,乐器_编钟,800,15.0,Culture,Instrument,"洛阳(周)","咸阳(秦)",,,无,无,600,2000,
Guqin,乐器_琴,200,0.5,Culture,Instrument,"临淄(齐)",,,,无,无,140,450,
Spice,香料,35,0.05,Consumer,Seasoning,楚地,巴蜀,,,无,无,25,70,
Dye,染料,20,0.1,Consumer,Pigment,楚地,,,,无,无,14,45,
Weapon_Sword,兵器_剑,60,0.3,Military,Weapon,"宜阳(韩)","宛城(楚)","邯郸(赵)",,无,"战区+80%",40,150,
Weapon_Blade,兵器_刀,55,0.3,Military,Weapon,各地,,,,无,"战区+60%",35,130,
Weapon_Halberd,兵器_戟,80,1.0,Military,Weapon,"宜阳(韩)","邯郸(赵)",,,无,"战区+80%",55,180,
Weapon_Ge,兵器_戈,65,0.8,Military,Weapon,各地,,,,无,"战区+60%",45,150,
Weapon_Spear,兵器_矛,45,0.5,Military,Weapon,各地,,,,无,"战区+50%",30,100,
Weapon_Bow,兵器_弓,45,0.2,Military,Weapon,各地,,,,无,"战区+60%",30,100,
Weapon_Crossbow,兵器_弩,80,0.3,Military,Weapon,"宜阳(韩)",,,,无,"战区+100%",55,200,
Weapon_Shield,兵器_盾,35,0.5,Military,Armor,各地,,,,无,"战区+40%",22,80,
Weapon_Dagger,兵器_匕首,25,0.05,Military,Weapon,各地,,,,无,无,15,60,
LeatherArmor,皮甲,80,1.0,Military,Armor,各地,,,,无,"战区+50%",55,180,
CopperArmor,铜甲,200,3.0,Military,Armor,"宛城(楚)","咸阳(秦)",,,无,"战区+80%",140,450,
IronArmor,铁甲,500,4.0,Military,Armor,"宜阳(韩)","邯郸(赵)",,,无,"战区+100%",350,1200,
RefinedIronArmor,精铁甲,1500,4.0,Military,Armor,"宜阳(韩)",,,,无,"战区+150%",1000,3500,
Helmet_Leather,头盔_皮,30,0.3,Military,Armor,各地,,,,无,"战区+30%",20,65,
Helmet_Iron,头盔_铁,80,0.5,Military,Armor,各地,,,,无,"战区+80%",55,180,
HorseArmor,马甲,300,3.0,Military,Armor,"代郡(赵)","陇西(秦)",,,无,"战区+100%",200,700,
Wood,木材,8,2.0,Construction,Structure,楚地,巴蜀,,,无,无,5,18,
Stone,石材,6,5.0,Construction,Structure,各地,,,,无,无,4,14,
ProcessedStone,加工石料,15,4.0,Construction,Structure,各地,,,,无,无,10,30,
ProcessedWood,加工木材,20,1.5,Construction,Structure,各地,,,,无,无,12,40,
Tile,瓦,12,1.0,Construction,Roof,各地,,,,无,无,8,28,
Brick,砖,18,2.0,Construction,Structure,各地,,,,无,无,12,38,
Lime,石灰,10,2.0,Construction,Auxiliary,各地,,,,无,无,7,22,
Herb_Common,药材_普通,30,0.1,Special,Medicine,楚地,巴蜀,,,"夏季+10%","战区+50%",22,70,
Herb_Ginseng,药材_人参,150,0.01,Special,Medicine,"辽西(燕)",,,,无,无,100,350,
Herb_Lingzhi,药材_灵芝,300,0.005,Special,Medicine,楚地,巴蜀,,,无,无,200,700,
Poison,毒药,100,0.01,Special,Medicine,楚地,,,,无,无,70,250,
Anesthetic,麻药,60,0.02,Special,Medicine,各地,,,,无,无,40,130,
FireOil,火油,80,2.0,Special,MilitarySupply,各地,,,,无,"战区+80%",55,200,
Sulfur,硫磺,40,1.0,Special,MilitarySupply,各地,,,,无,无,28,90,
Saltpeter,硝石,50,0.5,Special,MilitarySupply,巴蜀,,,,无,无,35,110,
Flour,面粉,30,0.8,Consumer,Food,各地,,,,无,无,20,60,
Fodder,饲料,8,1.0,Military,Consumable,各地,,,,无,无,5,20,
Rope,绳索,5,0.2,Military,Auxiliary,各地,,,,无,无,3,12,
HempSack,麻袋,3,0.1,Consumer,Container,各地,,,,无,无,2,8,
