RowName,LocationID,DisplayName,Nation,Type,Tier,Biome,XCoord,YCoord,Population,Agriculture,Commerce,Technology,Defense,SpecialResource,Description
Xianyang,Qin_Capital_01,"咸阳",Qin,Capital,5,关中,3200,-800,28500,92,118,85,88,蓝田玉,"秦国都城，位于渭河北岸。四塞之地的心脏。"
HanguPass,Qin_Pass_01,"函谷关",Qin,Fortress,4,关中,3400,-700,800,20,15,5,95,无,"秦东大门，战国从未被攻破。两侧绝壁，中间狭窄通道。"
Yongcheng,Qin_City_01,"雍城",Qin,City,4,关中,2800,-900,8000,65,40,25,60,无,"秦国旧都，宗庙所在地。"
Lantian,Qin_Town_01,"蓝田",Qin,Town,3,关中,3400,-950,2500,35,25,15,30,蓝田玉,"蓝田玉产地。"
Longxi,Qin_Town_02,"陇西",Qin,Town,3,关中,2200,-600,1800,25,20,10,25,战马,"秦国西部边境，马场所在。"
WuguanPass,Qin_Pass_02,"武关",Qin,Fortress,3,荆楚,3800,-1100,600,15,20,10,75,无,"秦楚之间的要道。白起伐楚经此。"
Yueyang,Qin_City_02,"栎阳",Qin,City,3,关中,3500,-700,5000,50,45,30,50,无,"秦故都，商鞅变法的起点。关中新手区域。"
Chengdu,Qin_City_03,"成都",Qin,City,4,巴蜀,2500,-1800,12000,85,55,30,45,稻米,"天府之国，都江堰灌溉的粮仓。"
Jiangzhou,Qin_City_04,"江州",Qin,City,3,巴蜀,3200,-1750,4000,30,60,20,35,无,"长江上游水运枢纽。"
DasanguanPass,Qin_Pass_03,"大散关",Qin,Fortress,3,巴蜀,2600,-1000,500,15,10,5,70,无,"通往巴蜀的咽喉。"
XiaoguanPass,Qin_Pass_04,"萧关",Qin,Fortress,3,关中,2600,-300,500,15,5,5,70,无,"秦国北方屏障。"
PubanFerry,Qin_Ferry_01,"蒲坂",Qin,Ford,3,山西,4100,-600,600,10,20,5,45,无,"秦晋之间，关中通往山西的门户。"

Yingdu,Chu_Capital_01,"郢都",Chu,Capital,5,荆楚,5500,-1800,32000,100,105,75,70,铜矿+漆树,"楚国早期都城，白起攻破后焚毁。长江中游，水网密布。"
Wancheng,Chu_City_01,"宛城",Chu,City,4,荆楚,4800,-1500,10000,55,60,55,60,铁矿石+铜矿,"楚国冶铁中心，兵工厂所在地。"
Shouchun,Chu_City_02,"寿春",Chu,City,4,荆楚,6000,-1600,12000,70,80,45,55,稻米,"楚国后期都城。迁都至此但已无力回天。"
Kuaiji,Chu_City_03,"会稽",Chu,City,3,吴越,7000,-2000,8000,60,75,30,45,珍珠+海盐,"越国故地，楚国吞并越国后纳入。沿海贸易中心。"
Chencheng,Chu_City_04,"陈城",Chu,City,4,荆楚,5700,-1100,10000,60,55,40,55,无,"楚临时都城(前278-前241年)。"
Gusu,Chu_City_05,"姑苏",Chu,City,3,吴越,7700,-1900,8000,55,70,30,40,丝绸,"吴国故都，江南水乡。"
FangchengPass,Chu_Pass_01,"方城",Chu,Fortress,3,荆楚,4600,-1300,500,15,15,10,65,无,"楚国北方防线。"
XiakouFerry,Chu_Ferry_01,"夏口",Chu,Ford,3,荆楚,6000,-1750,800,10,20,10,50,无,"汉水入长江处，楚国水军基地。"
CaishiFerry,Chu_Ferry_02,"采石",Chu,Ford,2,吴越,6600,-1900,400,10,15,5,40,无,"长江下游要津，楚国南方防线。"
Huaiyin,Chu_City_06,"淮阴",Chu,City,2,荆楚,6800,-1450,2500,35,25,15,25,稻米+鱼,"淮河下游重镇，楚齐中转的水运枢纽。"
Zhongli,Chu_City_07,"钟离",Chu,City,2,荆楚,6300,-1550,1800,30,20,10,25,无,"淮河渡口，寿春与淮阴之间的要津。"
Haizhou,Chu_City_08,"海州",Chu,City,2,吴越,7300,-1200,2000,25,30,10,20,海盐,"东海之滨港口，齐楚海路中继站。"
Nanhai,Chu_City_09,"南海",Chu,City,2,荆楚,6200,-2700,1500,20,50,15,15,珍珠+香料,"楚国最南端的沿海据点，南海贸易起点。"
Minzhong,Chu_City_10,"闽中",Chu,City,2,吴越,7400,-2400,1500,20,40,10,15,香料,"闽越故地，南海航线的中继港。"

Linzi,Qi_Capital_01,"临淄",Qi,Capital,5,山东,8000,-400,35000,95,120,90,60,海盐+丝绸,"战国最繁华的都城。'临淄之途，车毂击，人肩摩。'"
Jimo,Qi_City_01,"即墨",Qi,City,3,山东,8600,-300,5000,55,45,30,80,海盐,"田单复齐的传奇之地。被围五年而城不破。"
Juxia,Qi_Special_01,"稷下学宫",Qi,Academy,4,山东,8100,-350,2000,20,30,95,25,无,"战国最大的学术中心。百家争鸣的圣地。"
Jucheng,Qi_City_02,"莒城",Qi,City,3,山东,8200,-1000,4000,40,35,25,70,无,"齐国最后的据点之一。乐毅伐齐时齐王退守之地。"
Langya,Qi_City_03,"琅琊",Qi,City,3,山东,8900,-800,5000,40,70,30,30,海盐+珍珠,"齐国东南沿海重镇，勾践曾迁都于此。海路贸易北端。"
PingyinPass,Qi_Pass_01,"平阴",Qi,Fortress,3,山东,7200,-450,500,15,10,5,65,无,"齐国西面屏障。"

Handan,Zhao_Capital_01,"邯郸",Zhao,Capital,5,河北,4800,-200,30000,85,95,70,85,铁矿石,"赵国都城。邯郸保卫战的悲壮之城。"
Daijun,Zhao_City_01,"代郡",Zhao,City,3,燕北,4400,200,5000,35,40,20,40,战马,"赵国北疆，战国最好的马场之一。"
Jinyang,Zhao_City_02,"晋阳",Zhao,City,3,山西,4000,-400,4500,40,35,25,55,铁矿石,"赵国西部重镇。"
JingxingPass,Zhao_Pass_01,"井陉",Zhao,Fortress,3,山西,4100,-300,400,15,10,5,65,无,"太行八陉之一，赵国通往山西的关键通道。"
Lingshou,Zhao_City_03,"灵寿",Zhao,City,3,河北,5000,100,4500,35,40,25,50,无,"中山国故都，前296年并于赵。中山遗民聚集之地。"
YanmenPass,Zhao_Pass_02,"雁门",Zhao,Fortress,3,燕北,3900,50,500,10,5,5,70,无,"赵国北疆关隘，李牧在此防御匈奴。"

Jicheng,Yan_Capital_01,"蓟城",Yan,Capital,5,燕北,5200,600,15000,55,60,45,70,战马+人参,"燕国都城。最北的诸侯都城。"
Liaodong,Yan_City_01,"辽东",Yan,City,3,燕北,6000,800,3000,25,30,15,35,战马+皮毛,"辽东马场，燕国战略资源。"
JuyongPass,Yan_Pass_01,"居庸塞",Yan,Fortress,3,燕北,5300,550,500,15,10,5,70,无,"燕国北疆屏障。"
Xiangping,Yan_City_02,"襄平",Yan,City,3,燕北,6300,850,3000,20,25,15,35,战马,"辽东马场，燕国战马驯养地。"
Liaoxi,Yan_City_03,"辽西",Yan,City,2,燕北,5600,850,2000,20,20,10,30,战马,"燕国辽西郡，连接蓟城与辽东的走廊。"

Daliang,Wei_Capital_01,"大梁",Wei,Capital,5,中原,5500,-600,25000,85,105,80,60,粮食(黄淮),"魏国都城，中原交通枢纽。后因水淹而毁。"
Anyi,Wei_City_01,"安邑",Wei,City,3,山西,4800,-700,4000,45,40,30,45,池盐,"魏国早期都城。"
HulaoPass,Han_Pass_01,"虎牢关",Han,Fortress,3,中原,5200,-650,600,15,20,5,75,无,"洛阳东面屏障，《三国演义》吕布战三英处(战国已存在)。"
BaimajinFerry,Wei_Ferry_01,"白马津",Wei,Ford,2,中原,5550,-400,400,10,15,5,35,无,"魏国北部防御的重要渡口。"

Xinzheng,Han_Capital_01,"新郑",Han,Capital,5,中原,5200,-900,12000,55,60,55,65,铁矿石,"韩国都城。冶铁技术天下第一。"
Yiyang,Han_City_01,"宜阳",Han,City,4,山西,4700,-950,8000,40,50,70,55,铁矿石(优质),"天下冶铁中心。'天下劲弩出韩国'的物质基础。"

Luoyang,Zhou_Capital_01,"洛阳",Zhou,Capital,4,中原,5000,-750,8000,50,60,40,40,青铜+玉,"周天子所在地。八百年周朝，落日余晖。象征意义大于实际价值。"
MengjinFerry,Zhou_Ferry_01,"孟津",Zhou,Ford,3,中原,5050,-600,800,10,25,10,45,无,"黄河最重要的渡口，周武王伐纣在此渡河。"
